,pain,completion,time,ex
0,1,1,2.514870232492355,10
1,1,1,2.539646512682907,4
2,0,1,1.864306406791632,1
3,1,1,1.6897611376112511,6
4,1,1,2.260905748878286,1
5,0,1,1.3287164549103367,12
6,0,0,3.0153290177998895,5
7,0,1,2.916308180160204,7
8,0,0,1.2809633818128343,12
9,1,0,2.5834820489763435,11
10,0,0,1.7824127461887103,12
11,0,0,2.7544268565612637,7
12,0,0,1.602244065601074,1
13,0,0,2.3330143710037357,4
14,1,0,3.1167960407894926,8
15,1,0,2.512507233917218,3
16,1,1,1.0242399111767186,12
17,1,0,2.188001018904273,8
18,0,1,3.0829935645822215,0
19,1,1,2.636761635886318,9
20,1,1,1.8845066415456764,12
21,0,0,1.9452593904746653,9
22,0,1,2.357255537642736,7
23,1,0,1.7775051262274622,5
24,1,0,2.022559660003702,10
25,1,1,2.2665547489022755,0
26,1,1,1.9281330917346842,8
27,0,0,3.0164165572320183,11
28,0,0,1.4960650706252228,8
29,0,1,2.545461529571738,11
30,1,1,2.119167501852011,9
31,0,0,1.8866882355838372,7
32,1,1,2.8798366097987267,4
33,0,0,2.02572621466506,3
34,0,1,1.16998464160789,6
35,1,1,1.8836835300468944,6
36,0,0,0.8623894406817785,11
37,1,0,1.584609794980018,5
38,1,1,1.2738414608141255,2
39,0,1,2.467240764754107,1
40,0,0,2.29232052521189,9
41,1,0,2.8081677639216274,3
42,0,0,2.100942431714663,3
43,0,1,2.104580936606789,7
44,1,1,2.47295268395119,2
45,0,1,1.3321369617283387,3
46,0,1,1.296539593537985,4
47,1,0,2.142443821274988,9
48,0,0,2.5746307323258066,2
49,0,1,2.143327820854952,12
50,1,0,1.9200438332647014,5
51,0,1,1.589191505972816,2
52,1,1,2.115032563289455,12
53,0,1,1.4661832870299896,5
54,0,1,1.756682267034955,10
55,1,1,2.5624081201912285,11
56,0,1,1.6963216740557567,5
57,1,1,1.9315270899076298,3
58,0,0,2.1917946795698855,10
59,1,1,2.618730885887243,5
60,0,0,1.244376674690982,10
61,1,1,1.1987102564888363,1
62,1,1,2.4130819400601182,2
63,0,1,1.7839126905080795,8
64,1,0,2.183819112608619,2
65,0,1,2.842370466809677,3
66,1,1,2.232472102599425,8
67,1,1,2.475710610845867,2
68,0,0,2.6991717531222705,7
69,0,0,1.6557086344920446,4
70,1,1,1.4503094383106594,5
71,0,0,1.59686161893952,10
72,0,0,2.641939906271234,2
73,0,0,2.641562051602446,11
74,1,1,2.182694443493776,5
75,1,0,2.0920502582639497,1
76,0,0,2.420511894458202,3
77,1,0,2.017852580814912,5
78,1,0,2.3656443240152822,9
79,0,0,2.2507730174260896,0
80,1,0,2.472538516251158,9
81,0,0,2.7960714356033685,4
82,0,1,1.8048828711633753,6
83,1,1,2.124988237590837,1
84,1,1,2.095585656193045,8
85,1,1,1.690480105218073,7
86,0,1,1.5302293344175997,0
87,0,0,2.6892039729111694,1
88,0,1,1.8798498172575124,12
89,1,1,3.0251279709769703,5
90,0,0,1.6524225671650519,7
91,1,1,2.549025479059995,0
92,1,1,1.766046674472495,5
93,0,1,1.4245834658298737,4
94,1,0,1.653395701198222,2
95,0,0,3.021793739347112,3
96,1,1,1.5284057675757046,7
97,0,0,2.1604083688358244,10
98,0,0,2.3191138301850422,0
99,0,1,2.145493488555164,12
100,1,0,1.4343107686245837,6
101,0,1,3.2085605445288774,2
102,1,1,1.6801341278187083,0
103,0,0,1.6818395374495396,2
104,0,1,3.3971065972495547,8
105,0,0,1.9834400290821765,0
106,1,1,1.9979674739928703,2
107,0,1,1.830643856681987,7
108,0,0,1.9592991806912292,2
109,1,1,1.653206033802102,5
110,0,1,1.2121973546135179,0
111,1,0,1.9843467125305796,11
112,1,1,1.7973002915597283,6
113,1,1,1.7175964128212609,12
114,1,0,1.965160217028922,9
115,0,1,1.9033397693920016,1
116,1,0,1.7578073889528272,9
117,0,1,1.3229107215574816,5
118,0,1,2.202312220878474,11
119,1,1,1.978526707037171,10
120,0,1,2.167679368465545,10
121,1,1,2.2776602665265,7
122,1,0,1.9099250540023456,3
123,0,1,1.7407932320956683,3
124,0,1,2.414789873804454,4
125,1,1,1.9791965654053154,2
126,0,1,1.6091430978388495,1
127,1,1,2.0176584199875416,6
128,1,1,2.145944570802434,10
129,0,0,1.9800889238311958,10
130,1,0,2.2860930905935897,11
131,1,1,2.299628754069407,2
132,0,0,2.5696131750153492,3
133,0,1,1.572997497730404,11
134,1,1,1.9566811439695124,0
135,1,1,2.352922702715989,11
136,1,1,1.5471812949586237,8
137,1,1,1.8517717244437957,6
138,1,1,1.100687629436793,9
139,0,1,2.1666459632606716,4
140,0,0,3.056471415844366,0
141,1,1,2.2146188217338887,9
142,0,0,1.753342237073553,2
143,1,0,2.8306291499178062,1
144,0,0,2.088261735958328,3
145,0,0,2.0750195895651244,6
146,1,0,1.4770745563152738,4
147,0,0,2.605162693715748,12
148,0,0,1.3485684437743037,6
149,1,0,1.3071591266583331,6
150,1,0,1.7697080987872742,7
151,1,1,1.6533360620030326,7
152,0,1,2.7515746449293954,4
153,0,1,2.1382723834980935,9
154,1,1,2.4620612436118887,0
155,0,0,3.4404556069404753,8
156,0,1,1.6886882530549798,1
157,1,0,2.6546149309097866,4
158,0,0,2.662462553822423,12
159,1,0,2.0198658587432456,1
160,1,1,1.7619630087994191,2
161,0,0,2.764290014575993,12
162,0,1,1.3720615513947483,2
163,1,1,2.3839902675564186,0
164,1,0,2.06130281460655,10
165,1,1,1.3257838432464892,7
166,0,0,2.1354726738005416,4
167,1,1,1.123255913445826,7
168,0,1,1.7376426775433556,8
169,0,0,1.4567520434965342,2
170,1,0,2.293656492140796,11
171,1,1,1.6661697858813995,1
172,1,0,2.438389849824847,0
173,1,0,1.974454682022801,10
174,0,0,2.0438932586128815,12
175,0,0,1.9431489527821137,9
176,1,0,1.8395794459609855,3
177,0,0,2.147690427620491,4
178,0,0,2.2034653057644467,1
179,1,0,2.1033394764063242,5
180,0,1,2.294977846721709,7
181,0,0,1.887814771126557,10
182,0,1,2.5966938976398017,4
183,0,1,1.5988996329621976,4
184,0,0,2.602791428554947,9
185,0,1,1.5688860117190984,6
186,0,0,2.1830012292570866,10
187,0,1,2.453389354760533,7
188,0,0,1.770521152594663,10
189,1,0,1.632539126888836,0
190,1,1,2.6066410332529677,8
191,1,1,2.155899495973045,4
192,0,0,1.7267748423309666,11
193,0,0,2.8958890520211877,10
194,0,1,2.4607128350782257,1
195,0,0,2.067046100104322,2
196,1,1,1.3403826129332699,4
197,0,1,2.08435540555992,7
198,0,1,1.4348636520053546,6
199,0,1,1.7078319519123593,2
200,1,1,1.6983036337950819,3
201,0,1,2.3411677193743152,5
202,1,1,1.1813058423523106,1
203,1,1,2.532388987084478,3
204,0,0,1.7543491384305892,1
205,1,0,2.1549472153289737,11
206,0,1,1.8883021085085816,10
207,0,0,1.91065119731758,9
208,1,0,1.825680851774565,11
209,1,1,2.765696197734265,1
210,0,0,1.662357459020874,6
211,1,1,2.175133164763488,7
212,0,1,2.2237323733297734,10
213,0,1,2.2383735203402035,5
214,1,1,2.0544688111233826,12
215,1,0,1.8757992019246674,6
216,0,1,2.029815588170863,10
217,1,0,1.9582753923599314,9
218,1,0,1.6602351285536794,9
219,0,0,0.9521570897139446,11
220,1,1,2.2273994557712173,8
221,1,0,2.2677682606142766,9
222,0,0,1.952400386320267,0
223,1,0,2.1271621991748595,3
224,0,1,2.0474162500593343,8
225,1,0,2.2382881179761522,5
226,0,1,2.266218959256952,6
227,0,1,2.570175685414819,2
228,1,0,2.380785586549091,4
229,1,0,1.233789316150332,1
230,0,1,1.3931463343416035,7
231,1,0,2.619809797352016,9
232,1,0,2.973977009216591,11
233,1,1,1.871710062245863,12
234,0,1,2.2874560887303548,0
235,0,1,2.2049206796422602,5
236,0,0,2.12801446234582,11
237,0,0,2.2284298953245987,1
238,0,1,1.5281374292494994,10
239,1,0,2.327333688036774,10
240,1,1,2.380403302265575,11
241,0,0,1.8049324926966666,7
242,0,0,0.8912864526005786,1
243,0,0,0.8145614857724206,1
244,0,1,2.4180527676020844,10
245,1,1,2.0052257093840398,12
246,0,1,2.670476519381379,9
247,0,1,2.5581323263550235,5
248,0,1,2.2596370698188326,0
249,1,1,1.947386446354512,10
250,1,0,1.9143724451581392,12
251,1,1,1.7406230919579295,2
252,1,1,2.194243348870319,4
253,0,0,2.4417635524934305,9
254,1,1,2.340139936775677,11
255,1,1,1.2259590664241773,9
256,0,0,1.2407056952464615,12
257,0,1,2.18620352233918,8
258,1,1,1.9167980768325503,6
259,0,1,1.4226495752288895,6
260,0,0,1.9070709062516489,11
261,0,0,1.0136279674534743,1
262,1,0,1.6422305902330332,4
263,1,1,1.5415885254465305,10
264,1,1,3.35454116435229,8
265,0,0,1.715471687064337,9
266,1,1,1.8139566167244374,5
267,0,1,2.645105554949859,10
268,0,1,1.1704806006172326,12
269,0,1,0.963794571523314,5
270,1,0,2.5196909008475017,7
271,1,1,1.5622397671348138,0
272,1,1,2.81403879294057,6
273,0,1,2.636802501220406,3
274,1,0,1.9581290384578496,0
275,1,0,2.627408867834779,6
276,1,1,0.8662431272840001,12
277,0,1,2.5355079437473917,2
278,1,0,2.025343221418188,2
279,1,0,1.9584104411322982,3
280,0,0,2.4102512494748876,3
281,0,1,1.5216591570777906,0
282,1,1,2.321201345508361,0
283,0,0,1.9853123890742848,2
284,1,1,2.0778307972157695,11
285,1,0,1.604726937232743,1
286,0,0,2.115899679108369,9
287,1,0,1.0335193337699247,6
288,0,1,2.1725052054974676,7
289,0,1,2.1824108179187403,11
290,1,0,1.7565142926531165,7
291,1,0,2.0623283723347643,0
292,0,0,3.0255026806622065,7
293,0,1,2.1786762122670487,7
294,0,0,2.393821898927407,5
295,1,0,1.9321759513072483,0
296,0,0,2.0657115667218022,6
297,0,1,2.245880774068242,4
298,1,1,2.1370762907696843,7
299,0,1,2.440447689067642,8
300,0,1,2.0105162706295943,4
301,1,0,1.9997318707161527,5
302,1,1,2.080990025439545,12
303,0,0,2.658448089832659,6
304,0,1,2.898616204504249,7
305,1,0,2.9375197506092996,1
306,0,0,1.831079023519182,7
307,0,0,1.92433207729659,8
308,1,1,2.4758512578931677,3
309,0,1,2.0438045373478806,7
310,1,0,1.8177225876524792,10
311,0,0,1.482266154986002,12
312,1,0,1.2243378573863346,7
313,0,1,2.1782165680869188,9
314,0,0,1.9375869793298721,0
315,0,1,2.568460328196763,9
316,1,0,0.9983394458297998,7
317,1,1,2.8132211495787125,2
318,0,0,1.881146047987304,7
319,1,0,1.1857774422447105,0
320,1,1,2.2638534396546945,5
321,1,0,1.8415788911085011,4
322,0,1,1.3684939988496536,2
323,1,1,2.2140358907767386,0
324,1,0,1.5192274185262897,9
325,1,1,1.1941606386779529,8
326,1,1,2.2229639675583965,6
327,1,1,2.20532532254451,3
328,1,0,2.1476940470948334,8
329,1,1,1.5942982807030126,6
330,0,0,1.6914036337040366,7
331,1,1,2.0900642809763763,7
332,0,1,1.2523142233464848,10
333,1,1,1.9002976807370406,11
334,0,0,1.6703842439236776,8
335,1,1,1.35028000163009,3
336,0,0,2.4851351595816102,2
337,1,0,1.9760332946620243,0
338,0,1,2.052195258145652,7
339,1,0,1.1838980261353154,5
340,0,0,1.733717027038453,2
341,1,0,2.195967988843157,10
342,0,1,2.008082592827635,7
343,0,0,1.1416249192519172,9
344,1,0,2.1987213841315363,11
345,0,0,2.2006613355223994,5
346,0,0,1.7834941488570437,12
347,0,0,2.565623899672693,0
348,0,1,2.6566406379551335,8
349,0,1,2.1671532938523046,4
350,1,0,3.121188674529015,2
351,1,0,2.4873144153310025,9
352,1,0,2.136431624706037,1
353,1,1,2.361080526949442,11
354,0,1,1.8394521597499498,1
355,1,0,1.4546741674635992,8
356,0,0,1.709102334650903,12
357,1,0,1.5144846487910577,6
358,0,0,1.9677045023768673,1
359,0,1,1.7440637266194616,10
360,1,1,3.4301410640305803,3
361,1,1,1.6825038104635843,4
362,0,1,1.5126832832778128,2
363,1,0,2.8970207739893783,3
364,0,0,2.260530954538238,5
365,0,1,1.7103295502401528,4
366,1,1,1.8998349762674362,3
367,1,1,1.9084851312820619,8
368,0,0,2.0014190709881032,4
369,1,1,2.1532284127770693,12
370,0,1,2.5866354632932906,12
371,0,0,1.288985638850734,12
372,0,1,1.329193902333738,1
373,1,1,1.937350130692967,8
374,1,0,2.0121526112544843,9
375,0,0,1.64516967315109,11
376,0,1,1.6319073433866889,3
377,0,1,2.764671249173062,12
378,0,0,2.031786382061336,4
379,1,0,2.0759037706264376,9
380,1,0,2.1192319170442566,3
381,0,0,2.744035530508254,9
382,0,1,2.1945822937431445,5
383,1,0,1.0370341322363226,3
384,0,0,1.64484203285965,8
385,0,0,2.9368089277488014,7
386,1,1,2.297587705378549,3
387,1,0,2.2152510430145296,1
388,0,1,1.613425524243535,3
389,1,0,1.2668765652310798,5
390,0,0,1.471827318197959,10
391,1,0,1.6741472168862601,12
392,1,0,1.9428137947343904,7
393,1,1,2.3041275428049377,6
394,1,1,1.43246049143296,4
395,0,1,1.8782091145167066,4
396,1,0,3.0202495971193324,8
397,0,1,2.1422230517181204,1
398,0,1,1.7924176244717525,12
399,1,1,2.056505253561513,7
400,0,0,1.7479786345291306,8
401,1,1,1.2295615497783392,8
402,1,0,2.3711459928734664,10
403,0,1,1.1986567955079834,10
404,0,1,1.3506760771334478,8
405,0,0,1.4647960297582308,3
406,1,0,2.151135958865618,8
407,1,1,2.70935733228742,3
408,1,0,1.609989250451434,1
409,1,0,2.7132343855990992,2
410,1,0,1.4856057461726067,8
411,0,1,1.8048736269981764,5
412,1,0,3.212977440459661,12
413,1,0,0.8834055412081783,1
414,1,0,2.374262342208283,4
415,0,0,2.673612733505858,12
416,0,1,1.9148399488362142,6
417,0,1,1.6610961535275934,6
418,1,1,2.2948009943663528,1
419,0,1,1.176475469733433,12
420,1,0,2.2718219835752977,4
421,0,0,2.9122035739702854,10
422,1,0,1.8737869240230007,1
423,0,0,0.9434572242765189,9
424,0,0,1.6849782917927951,7
425,0,0,2.2639730880512516,2
426,0,1,2.3855391583791854,2
427,1,1,1.4742514079206726,8
428,0,1,1.508406751431088,6
429,1,1,2.3540925519338414,1
430,0,0,2.8519598962383137,10
431,1,1,1.5026821725963169,3
432,1,0,2.3247702208210663,10
433,0,0,3.3514601964662627,1
434,0,1,2.423821903339953,7
435,1,1,1.5973206748180075,0
436,1,1,1.8532205340335919,1
437,0,1,1.8603270189431815,4
438,0,0,2.573975592659083,1
439,1,1,2.173028517573651,6
440,0,0,1.8661907854130744,10
441,1,1,2.0301428934978127,10
442,0,1,2.377747132181221,9
443,0,1,1.5823986898484217,5
444,0,0,1.7704623712120307,1
445,0,0,1.845306548160697,11
446,0,0,1.463861560549383,12
447,1,1,1.1733281264412714,12
448,1,1,2.668197531811304,2
449,1,0,2.491716819101211,3
450,0,1,2.421224499351399,7
451,1,0,1.9444952456467888,5
452,0,1,1.9889292265625866,7
453,0,0,2.2432268028101645,2
454,0,0,1.8576305661809216,5
455,1,0,2.15944307621308,6
456,1,1,1.976274117250935,2
457,1,1,2.0839429268119707,9
458,0,0,1.0453363753322042,7
459,0,1,2.2332553175200207,2
460,1,1,1.9314592465306608,4
461,0,1,1.7693618214074964,3
462,1,0,2.3687580921622,2
463,0,1,2.658788534360941,2
464,1,1,1.6211539986320473,3
465,1,1,2.3879470549886492,7
466,1,1,2.211194846747283,9
467,1,0,2.1758843966929016,4
468,0,0,2.296119005033713,11
469,0,0,1.32043221890208,6
470,1,0,2.308124150162994,10
471,0,1,1.6757479359385314,12
472,1,1,1.9404021477175097,6
473,1,1,2.2081188780653553,0
474,0,0,1.5225858012267717,2
475,1,1,2.885751667110527,0
476,1,0,1.6289264555681875,8
477,0,1,1.9081841785618294,4
478,1,1,1.8787602083771018,3
479,0,0,1.711650124065551,6
480,0,1,2.656095696630219,7
481,1,0,2.0068604755250266,1
482,0,0,1.9461804870853876,10
483,1,0,1.8983615693176008,11
484,0,1,1.2253383737163146,1
485,1,0,1.0532273431920962,1
486,1,0,2.2670460810747652,10
487,0,1,1.3006497778657231,10
488,0,1,1.805125991865899,0
489,1,1,1.7419312373031044,8
490,1,1,2.2326577353822086,1
491,0,1,1.6099189701596577,10
492,0,0,1.8540343307730578,4
493,0,0,2.294020801158809,11
494,1,1,2.158310357628953,10
495,0,0,1.8224390097918144,11
496,0,1,1.9912327674809374,2
497,1,0,2.3892514824469955,2
498,0,1,2.277173954170504,9
499,0,1,2.144930287245372,1
500,1,0,2.1741482918441903,7
501,1,1,2.655754440392605,8
502,1,1,1.5920489325101428,12
503,0,0,2.212597654059161,10
504,0,1,1.3646931800742625,10
505,1,1,3.0279424052544286,1
506,1,1,2.009695036870318,0
507,0,0,1.7805861447209634,12
508,1,0,1.6375283304124488,1
509,0,1,2.182063345547841,7
510,1,1,1.849825309241865,3
511,1,0,1.7502609815537127,4
512,1,0,2.7552150957920305,6
513,0,0,1.7647962029199626,3
514,0,1,1.1444651226765328,12
515,0,1,2.21405373834046,6
516,0,0,1.930248599441431,10
517,1,0,1.418119975562992,7
518,1,1,1.411013064148625,5
519,0,0,2.212612537308482,9
520,1,1,1.3242596797866129,7
521,1,0,2.077472043578763,10
522,1,1,2.1959167671891615,9
523,0,0,0.6836892917931539,8
524,1,1,2.2899726521274517,12
525,0,0,1.8221168433290091,8
526,0,1,2.534325515562484,11
527,1,1,2.2406324707498704,9
528,0,1,2.1221778893851804,10
529,1,1,1.4799772030538918,9
530,0,0,1.8339230720357211,0
531,1,1,2.4035449493722902,5
532,1,1,1.4959437357648193,11
533,1,1,2.537789756469545,9
534,0,1,2.8197082430732094,0
535,1,0,1.2159618144231303,3
536,0,1,1.974509230314542,1
537,0,0,1.7439466357820876,9
538,1,1,1.9180546445170479,1
539,1,1,1.9569844343362852,1
540,1,1,2.461600734091676,3
541,0,1,1.863824971936465,1
542,1,1,1.840083711778937,12
543,1,1,1.3952365242761542,11
544,1,0,1.1881328780422817,10
545,0,0,2.4154087852441704,5
546,1,0,1.0711567388324212,0
547,0,0,1.7347133363337437,5
548,1,1,1.2418997859313805,12
549,1,0,1.7673456355634702,2
550,0,0,1.8107742092789394,7
551,1,1,2.698752105888009,9
552,0,1,2.461019098271814,0
553,0,1,1.6354139830959025,0
554,1,0,2.265077756671831,4
555,1,1,2.156826167984376,7
556,1,0,1.6826824365160193,5
557,0,0,2.478459322803238,12
558,1,0,1.0732484144852719,9
559,1,0,1.5820886519070254,8
560,1,1,2.378588000095349,2
561,1,1,1.932044422543137,8
562,0,0,2.3735691414416,12
563,1,1,2.6459091314172767,9
564,1,0,2.186826799882118,5
565,1,1,2.1167134919704913,0
566,1,0,2.422217714544508,6
567,0,1,1.922804878203755,4
568,0,0,2.410614509044304,1
569,0,0,1.8636209787327602,4
570,0,1,1.732942742544678,4
571,1,0,1.6751379963332438,9
572,0,0,1.8218776166747719,6
573,0,0,1.557013743413676,9
574,1,1,2.473093241629103,3
575,0,1,2.5375123692756816,8
576,0,0,2.434528840055612,12
577,0,0,1.4113348051439147,11
578,1,1,1.7146085112967775,2
579,1,0,2.825597665044072,5
580,1,0,2.0804428283452343,12
581,0,1,2.061003234804872,3
582,1,0,1.2266210300531437,2
583,0,0,1.0045958970700455,3
584,0,0,1.4207124380649843,11
585,1,1,2.1851128517120455,6
586,0,0,2.151624115763811,6
587,1,0,2.4811366999264504,11
588,0,1,1.3984175133793557,6
589,1,0,2.2938382795936136,2
590,1,1,1.6473049795908532,7
591,0,0,2.0370726938316657,0
592,1,1,2.4136173231313838,1
593,0,0,1.6178709470933257,5
594,0,1,2.341017083309355,5
595,0,0,1.9655487097694158,6
596,1,0,1.8706731030355812,0
597,0,1,1.9339342666629857,9
598,1,1,2.0972040059612933,0
599,1,1,1.7383124526417233,2
600,0,1,1.5542615735711878,4
601,0,0,1.7300420106661778,1
602,0,0,2.142405971170295,9
603,1,1,2.1182874894215935,9
604,0,1,2.233299661156493,1
605,1,0,2.037180225924726,12
606,0,0,1.355758144146932,4
607,1,0,2.1682652342821007,10
608,1,1,1.4946453113435827,1
609,0,1,1.1486086740093393,6
610,1,1,1.5932699512471613,12
611,0,0,2.7460157538385834,12
612,1,1,2.335683285354523,2
613,0,1,1.6275796291753921,6
614,0,1,0.9876521460946737,8
615,1,1,1.7163603262994989,7
616,1,0,1.7348086334279846,5
617,1,0,2.264299312035075,1
618,1,0,1.3624023942560872,6
619,0,1,1.8926880982091685,10
620,1,0,2.244153689224412,7
621,0,0,1.8011597884918658,0
622,0,1,1.5726419990475309,10
623,1,0,1.2426087296535955,0
624,0,0,1.2630018096870432,8
625,0,1,2.1532754274804895,4
626,1,1,1.466998198470323,1
627,1,0,1.1595611015150662,2
628,0,0,1.5949500784782744,5
629,0,0,2.4546745433557544,5
630,0,0,1.6807643213627863,7
631,1,0,2.3111766292152316,4
632,0,1,1.1422164542247268,8
633,0,1,2.225918550191491,7
634,0,0,1.8391587624616308,5
635,0,1,2.599679707181592,0
636,0,0,2.3517726529409644,3
637,1,1,1.9659740375133907,9
638,1,1,1.1826748522572208,1
639,0,0,2.9027503507858494,7
640,0,1,2.813830357799537,6
641,0,1,1.906963612124553,10
642,0,1,1.0510085115430714,7
643,1,1,2.455371148919119,8
644,1,0,2.1314930293046843,5
645,0,0,2.0180336328454764,7
646,1,0,2.349972603888906,11
647,0,0,2.757628254719993,3
648,0,1,1.8162175185996856,1
649,0,0,1.9776905793595487,4
650,1,0,1.8661261493753876,0
651,1,1,2.8320354898938414,7
652,0,0,2.145340830486271,6
653,1,1,1.1383807590837631,11
654,1,1,2.811955854622825,5
655,0,0,1.3990401400967205,8
656,0,1,1.795250607351941,7
657,1,0,1.3644732895748817,9
658,1,1,1.2818496447911838,9
659,0,0,1.5865405796054877,2
660,0,1,1.4073435523526845,8
661,1,1,2.7780809757844516,3
662,1,0,2.1905040644595664,4
663,1,0,1.5209061939453794,6
664,0,1,2.0613583365314376,2
665,1,0,0.9820401918581612,4
666,0,0,2.2503009469687223,2
667,1,1,2.59558754859766,2
668,0,0,2.4788381694404884,11
669,0,0,2.6038699273466803,5
670,0,0,1.5850827855066567,1
671,0,0,2.969644068836725,1
672,1,0,2.407764204096666,12
673,0,1,2.2164094640012038,11
674,1,0,1.9683903832528151,4
675,0,0,1.6759267673305451,9
676,0,0,1.4616895374430798,6
677,0,0,2.672990153969786,11
678,0,1,2.156701042072377,10
679,1,1,2.392292000228026,0
680,0,1,2.0248723323754687,2
681,1,1,3.2362372617563544,2
682,1,0,1.0966943054996645,9
683,0,1,1.9296917623444052,9
684,1,0,2.0847925416729387,7
685,1,0,2.513268598118311,6
686,0,0,2.2579554837683515,0
687,1,1,2.473889738949559,6
688,0,0,2.208408533849496,5
689,1,1,2.666609760224595,2
690,1,0,1.784408501397642,8
691,1,1,1.7336508763476206,10
692,0,0,1.6494824773007608,11
693,1,1,1.6628053149915194,2
694,0,0,2.0147318977248485,7
695,0,1,2.39115590940123,1
696,0,1,1.6186237482623789,10
697,1,0,2.14926269810068,2
698,0,1,2.132547743341865,7
699,0,0,0.921471167994794,2
700,0,1,2.264073277376322,7
701,1,0,1.9120135363847126,8
702,1,1,2.318535591509891,8
703,1,1,2.207412864569875,5
704,1,1,2.488267591895901,6
705,1,1,1.4527954623392978,2
706,0,1,2.0337178867816665,9
707,1,0,1.825590018358578,11
708,0,1,1.1207708492545594,4
709,0,0,2.774876496535517,6
710,0,1,1.5742110758185983,3
711,1,0,1.624183348618911,7
712,1,0,1.5483486571028644,6
713,0,0,2.0951386153481137,0
714,1,0,1.8135891199552234,5
715,0,0,1.4060560184880737,3
716,0,0,1.8136804820133097,7
717,0,1,2.137976900961436,2
718,1,1,1.8188154169549235,11
719,0,1,2.6560572173972186,8
720,0,1,1.741610772890611,6
721,0,0,2.439841352759261,9
722,1,1,2.1052612360228675,10
723,1,0,2.8700397560040845,8
724,0,0,1.5854844590282204,6
725,1,0,1.9143129915970252,4
726,1,0,2.217235195315035,9
727,1,1,2.3721683718734536,0
728,1,1,0.8668050340208933,2
729,0,0,2.880631311087538,12
730,0,0,2.4520560002005727,6
731,0,1,2.435238567050427,0
732,1,1,2.118137823396811,3
733,0,1,2.105428385416359,7
734,0,0,2.08877053810361,7
735,0,0,1.1813193215939854,2
736,0,0,2.433573101614822,10
737,1,0,1.5838505820920354,12
738,0,0,2.0751787555828294,12
739,1,1,3.4824039211990594,1
740,0,1,2.1657331432182536,5
741,0,1,1.8438919597038823,6
742,1,1,2.124788454581892,7
743,1,1,1.1179002080367975,4
744,1,0,2.276937413284533,6
745,1,1,1.9932627820713198,6
746,0,1,1.4469050399124983,11
747,0,0,1.5158117924728,1
748,1,1,2.099264104143321,6
749,1,1,1.93725830953642,9
750,1,1,1.0502952800161867,9
751,0,0,3.333371196838443,0
752,0,1,1.9221972087918529,9
753,1,1,2.318285579744316,11
754,1,0,2.019003214655391,7
755,0,1,2.1970140993857212,9
756,0,0,1.904344491860169,10
757,1,1,2.064636860930485,11
758,1,0,1.7410872680015372,2
759,1,1,1.9187099036253075,9
760,1,1,1.846462145923604,10
761,1,1,2.1899539611251613,6
762,0,0,1.959902883566361,10
763,1,1,1.50719123033358,9
764,1,1,1.711458520109487,12
765,0,1,2.005487645522311,10
766,0,0,2.5667620596917926,10
767,1,0,3.0415724653800726,1
768,0,0,1.8928233545800126,8
769,1,1,1.132287284613032,1
770,1,0,1.7476285450636078,7
771,0,0,2.342247107618533,4
772,1,1,1.7556058775925105,9
773,0,0,1.4078385707528613,4
774,1,1,1.8614067506690986,7
775,1,1,2.6760654884305817,4
776,0,0,2.329712913445423,8
777,0,1,1.959302205161648,3
778,1,0,1.7773680150444062,11
779,1,1,2.7688099489228257,2
780,0,1,1.5632763190786922,2
781,1,1,1.6998617282954036,10
782,0,1,3.0524052181372485,1
783,0,1,2.293948809968989,10
784,0,1,3.323911382728669,1
785,1,1,2.0309886367347283,10
786,0,1,1.8544432069803487,12
787,1,1,1.6309499207949423,11
788,1,1,2.0557374664243606,4
789,1,1,1.886807321919012,11
790,1,0,2.2598257330624474,4
791,0,1,1.3561855123113447,9
792,0,0,1.5650317487151504,4
793,1,0,2.0825288545948277,9
794,0,0,1.915240437086383,4
795,1,0,2.1243610645294657,9
796,1,1,2.423408031375161,5
797,1,1,2.0479526496207234,0
798,1,1,1.9982225842208825,11
799,0,0,1.8011430337441827,12
800,1,1,1.2166043542744283,12
801,1,1,1.7557320494599606,9
802,0,0,2.875635097542832,10
803,0,0,1.2176841518803077,12
804,0,0,2.1659156519531577,0
805,0,0,1.0948228750721976,5
806,1,1,2.0334804397366777,4
807,0,1,2.296844092524294,9
808,0,0,1.7548967595061886,1
809,1,1,1.5344968601804951,1
810,1,0,1.5272523562164912,7
811,0,1,2.091270144538128,8
812,0,1,1.9955057836240204,0
813,0,1,1.4382204648490777,9
814,1,0,1.6121670398775145,5
815,1,1,2.647399549847369,12
816,1,0,1.9107820188380482,3
817,1,1,1.8342615120731405,4
818,1,1,2.4035298823340367,2
819,0,1,1.4953213615603818,10
820,0,1,1.5937538718263036,9
821,0,0,1.750203991879165,2
822,0,1,1.7721238834957809,11
823,1,0,1.3959008694184705,8
824,1,0,1.962143030172569,0
825,0,0,3.196084263803667,11
826,1,0,1.9120568273849365,2
827,0,1,2.5815287713237067,7
828,0,1,1.4226097990709297,2
829,0,1,2.3513277209250294,1
830,1,0,2.096095285878382,9
831,0,1,1.1382117472729374,0
832,0,0,1.661338192008345,2
833,0,1,1.143685636257687,3
834,0,0,1.9804798830825894,6
835,1,1,2.1744623044262537,2
836,1,0,2.294263281467779,11
837,1,1,2.435294774272496,11
838,1,0,1.2173817086783973,6
839,1,1,1.6169003358880198,6
840,0,0,1.6634815966293102,7
841,0,1,2.1110922811288693,6
842,0,0,2.3840411248000297,7
843,1,1,2.0198596839198153,12
844,1,1,2.0631773705096594,4
845,0,0,2.966544280444997,3
846,1,0,2.4085155183774223,6
847,1,0,1.472844271826221,10
848,1,1,1.9260680228252194,9
849,1,0,2.348118587840114,7
850,0,1,2.0348957117196838,7
851,0,0,2.1329001496635898,9
852,1,0,1.5454439834110258,5
853,0,1,1.9736153314071034,5
854,0,1,2.2184548489489715,9
855,0,1,1.1427395068049568,0
856,0,1,2.237178663459233,2
857,0,0,2.1454466685572906,0
858,0,1,1.8790939675325429,4
859,1,1,1.657916452489464,12
860,1,1,1.7484838390943607,0
861,0,1,2.096239859192478,2
862,0,0,1.5798224328709851,10
863,1,1,1.3935888296067642,3
864,1,1,1.7402344539849282,10
865,1,0,0.7309434306807785,0
866,0,0,2.5332737679960027,3
867,1,0,2.593505233542529,11
868,0,1,2.080653617600889,9
869,1,1,2.76100533115621,12
870,1,1,0.9010872508499004,9
871,0,0,2.3974000128157638,10
872,0,0,2.4348705302670237,8
873,1,1,1.4580099961467492,1
874,0,1,1.4724602059631933,8
875,1,0,2.658400622452597,0
876,0,1,1.9014260431674017,1
877,1,0,0.995498886803077,8
878,0,1,1.6442088919169415,2
879,1,0,2.48263664011421,8
880,1,0,1.5301607106417716,9
881,0,1,2.4858527275333873,1
882,1,0,2.0025907585563782,10
883,1,0,1.8269547232464627,8
884,0,0,2.2119883790842274,6
885,0,0,3.0722257447771897,6
886,0,1,2.7335219344596253,8
887,1,0,2.364323924071045,5
888,0,1,2.1369036289373073,7
889,1,0,2.169938336249922,8
890,1,0,2.08851929289633,12
891,1,1,2.2797530792756744,1
892,0,1,1.131138370680853,12
893,0,0,1.5313422210201844,0
894,1,1,1.9788556291912873,1
895,0,1,2.378906048163387,11
896,0,0,1.9608527725494258,4
897,0,0,2.442490868182302,0
898,0,1,2.7392261894645915,9
899,1,0,2.5736101371540983,10
900,1,0,2.0488475830831354,6
901,1,0,1.3470272214157077,10
902,0,1,3.0558641482334536,11
903,0,0,3.1990817772637126,6
904,0,1,2.669714431377005,1
905,0,0,1.7749431166797522,3
906,1,0,1.6078519171170402,0
907,0,1,2.4039868239507283,6
908,0,0,1.9189916876905835,9
909,0,0,2.016061526865003,8
910,0,0,2.1050556082886884,6
911,1,0,1.895830988825994,12
912,0,1,2.289614051029584,5
913,0,1,1.2700147528159094,4
914,0,0,2.29427371887647,7
915,0,1,1.983526158545395,4
916,1,1,1.4685729484860657,10
917,0,1,2.593763314496365,7
918,1,0,1.3949093210707106,4
919,1,0,1.5177848666177791,3
920,0,0,2.9292325984933583,9
921,0,1,2.479340144253314,9
922,1,1,2.1655623974032885,5
923,1,1,2.657572977777471,7
924,1,1,2.5274149265689596,1
925,1,0,1.2351605643673702,9
926,1,0,1.5766663281863433,6
927,1,1,2.2722105712296794,11
928,1,0,1.5984026021837798,12
929,1,0,1.5569774468266802,12
930,0,1,1.731687479554055,10
931,1,0,2.7709336159673,7
932,0,0,1.9286233938141109,11
933,1,1,2.68781246785663,9
934,0,1,3.198159382856769,7
935,1,0,2.0476576970104223,3
936,1,1,2.587402641097426,6
937,1,1,1.657143210241697,12
938,1,1,1.845751134552122,12
939,0,1,2.207615597557849,3
940,0,1,2.518638284996145,11
941,0,0,2.0517533226629823,12
942,1,0,2.3132988318380727,11
943,0,1,2.226465907696128,12
944,1,0,2.411848850896506,3
945,1,0,0.8899749003526967,1
946,1,1,2.1109241699573564,7
947,1,1,0.5771681948765948,7
948,1,1,2.5997506340312175,2
949,1,0,1.8302826446603395,4
950,1,0,1.916142211097044,10
951,1,1,1.7764906484775573,1
952,1,0,1.8262675914940134,1
953,1,0,1.8721408581064325,5
954,0,0,1.2500677088103433,12
955,0,0,2.2604766632783573,9
956,0,0,2.702282886770308,1
957,1,1,2.626553012014981,5
958,0,0,1.529309623313329,0
959,0,0,2.82896293994757,2
960,1,1,2.7168619353044683,5
961,0,0,2.921275589130854,7
962,1,1,1.9860314304496125,4
963,0,1,1.95200965452123,5
964,1,0,1.3251560678104843,5
965,0,1,2.3197370373907638,5
966,1,0,2.191491298745311,12
967,1,0,2.4547737896573243,6
968,1,0,1.8444996071186743,0
969,1,0,1.9937690479255095,4
970,0,1,1.851568015051171,10
971,0,1,1.329684114325117,4
972,0,0,1.3537873341450744,4
973,1,0,2.338581864257023,2
974,1,1,1.9854779832669303,7
975,0,1,1.6653435947266717,2
976,1,0,2.282375646688875,1
977,1,1,2.049586433336334,6
978,1,0,2.3536721353476966,5
979,0,0,1.5832544593768725,11
980,1,1,2.190913416522067,9
981,0,1,1.7897412870312552,7
982,1,1,1.6958618690617941,9
983,1,1,1.8661693707919351,1
984,1,1,2.7574847077688345,2
985,0,0,1.8662396476877983,9
986,0,0,2.3877110482176107,0
987,0,1,2.163792093586919,11
988,0,1,2.7905373717834,10
989,0,1,2.021363430612755,12
990,0,1,1.645123536317536,9
991,1,0,2.4752151587627895,0
992,0,1,2.8439369138802624,6
993,1,1,2.2031142774329995,8
994,0,1,2.222625708465284,7
995,1,1,2.5297618497671115,5
996,1,0,2.1846506973196873,10
997,0,0,1.0896544916681348,10
998,1,1,2.111364066088133,0
999,1,1,2.236319271682712,9
